<powerpagecomponent powerpagecomponentid="02630ea5-25a7-4252-90a1-44e5abd437cf">
  <content>{
  "powerpagesitelanguageid": "3498d286-7c80-4e9e-ad03-0f0f6ee748c1",
  "display_name": "Nome do site",
  "type": 756150000,
  "value": "Service Fitness"
}</content>
  <iscustomizable>1</iscustomizable>
  <name>Site name</name>
  <powerpagecomponenttype>7</powerpagecomponenttype>
  <powerpagesiteid>
    <powerpagesiteid>6df7d34a-989b-4b8f-af54-14f521dea82d</powerpagesiteid>
  </powerpagesiteid>
  <powerpagesitelanguageid>
    <powerpagesitelanguageid>3498d286-7c80-4e9e-ad03-0f0f6ee748c1</powerpagesitelanguageid>
  </powerpagesitelanguageid>
  <statecode>0</statecode>
  <statuscode>1</statuscode>
</powerpagecomponent>