<powerpagecomponent powerpagecomponentid="9b2dcd46-8241-4fe1-8e9a-a5676fa7df74">
  <content>{"copy":"&lt;p&gt;Forneça algumas informações a seu respeito.&lt;/p&gt;\r\n\r\n&lt;p&gt;O &lt;strong&gt;Nome Próprio&lt;/strong&gt; e o &lt;strong&gt;Apelido &lt;/strong&gt;que fornecer aparecerão junto a quaisquer comentários, publicações em fóruns ou ideias apresentadas no site.&lt;/p&gt;\r\n\r\n&lt;p&gt;O &lt;strong&gt;Endereço de E-mail&lt;/strong&gt; e o número de &lt;strong&gt;Telefone&lt;/strong&gt; não serão apresentados no site.&lt;/p&gt;\r\n\r\n&lt;p&gt;A &lt;strong&gt;Organização&lt;/strong&gt; e o &lt;strong&gt;Cargo&lt;/strong&gt; são opcionais. Estes elementos serão também apresentados com os seus comentários e publicações em fóruns.&lt;/p&gt;","enablerating":false,"enabletracking":false,"excludefromsearch":false,"feedbackpolicy":756150000,"hiddenfromsitemap":true,"isroot":false,"pagetemplateid":"6536c8c4-3926-40d4-a4c9-a97ca34be9ee","parentpageid":"a0315fa8-5ba6-430b-a858-8b08fb69858c","partialurl":"profile","publishingstateid":"155d2308-bdb4-45f6-b231-e4c09d27b961","rootwebpageid":"490a6d72-35b7-4008-a68f-55e10cea4830","sharedpageconfiguration":false,"title":"Perfil"}</content>
  <iscustomizable>1</iscustomizable>
  <name>Perfil</name>
  <powerpagecomponenttype>2</powerpagecomponenttype>
  <powerpagesiteid>
    <powerpagesiteid>6df7d34a-989b-4b8f-af54-14f521dea82d</powerpagesiteid>
  </powerpagesiteid>
  <powerpagesitelanguageid>
    <powerpagesitelanguageid>3498d286-7c80-4e9e-ad03-0f0f6ee748c1</powerpagesitelanguageid>
  </powerpagesitelanguageid>
  <searchcontent>Perfil&lt;p&gt;Forneça algumas informações a seu respeito.&lt;/p&gt;

&lt;p&gt;O &lt;strong&gt;Nome Próprio&lt;/strong&gt; e o &lt;strong&gt;Apelido &lt;/strong&gt;que fornecer aparecerão junto a quaisquer comentários, publicações em fóruns ou ideias apresentadas no site.&lt;/p&gt;

&lt;p&gt;O &lt;strong&gt;Endereço de E-mail&lt;/strong&gt; e o número de &lt;strong&gt;Telefone&lt;/strong&gt; não serão apresentados no site.&lt;/p&gt;

&lt;p&gt;A &lt;strong&gt;Organização&lt;/strong&gt; e o &lt;strong&gt;Cargo&lt;/strong&gt; são opcionais. Estes elementos serão também apresentados com os seus comentários e publicações em fóruns.&lt;/p&gt;Perfil</searchcontent>
  <statecode>0</statecode>
  <statuscode>1</statuscode>
</powerpagecomponent>