<powerpagecomponent powerpagecomponentid="b9839293-9840-48c4-a700-a1a23039eb4e">
  <content>{"createdOn":"2023-11-09T14:03:19.884Z","parentpageid":"a0315fa8-5ba6-430b-a858-8b08fb69858c","publishingstateid":"155d2308-bdb4-45f6-b231-e4c09d27b961","partialurl":"Light Blue Green White Simple Geometric Map.png","title":"","summary":"","enabletracking":false,"excludefromsearch":false,"hiddenfromsitemap":false}</content>
  <filecontent mimetype="image/png">Light%20Blue%20Green%20White%20Simple%20Geometric%20Map.png</filecontent>
  <iscustomizable>1</iscustomizable>
  <name>Light Blue Green White Simple Geometric Map.png</name>
  <powerpagecomponenttype>3</powerpagecomponenttype>
  <powerpagesiteid>
    <powerpagesiteid>6df7d34a-989b-4b8f-af54-14f521dea82d</powerpagesiteid>
  </powerpagesiteid>
  <statecode>0</statecode>
  <statuscode>1</statuscode>
</powerpagecomponent>