<powerpagecomponent powerpagecomponentid="7d2936b4-854e-4337-8445-69245d62349a">
  <content>{"createdOn":"2023-11-20T12:13:04.744Z","parentpageid":"a0315fa8-5ba6-430b-a858-8b08fb69858c","publishingstateid":"155d2308-bdb4-45f6-b231-e4c09d27b961","partialurl":"Logo rosa branco.png","title":"","summary":"","enabletracking":false,"excludefromsearch":false,"hiddenfromsitemap":false}</content>
  <filecontent mimetype="image/png">Logo%20rosa%20branco.png</filecontent>
  <iscustomizable>1</iscustomizable>
  <name>Logo rosa branco.png</name>
  <powerpagecomponenttype>3</powerpagecomponenttype>
  <powerpagesiteid>
    <powerpagesiteid>6df7d34a-989b-4b8f-af54-14f521dea82d</powerpagesiteid>
  </powerpagesiteid>
  <statecode>0</statecode>
  <statuscode>1</statuscode>
</powerpagecomponent>