<powerpagecomponent powerpagecomponentid="46f00b66-7ba7-4b3f-8502-01c2a4963203">
  <content>{
  "label": "[{\"LCID\":2070,\"Value\":\"E-Mail\"}]",
  "fieldisrequired": true,
  "requiredfieldvalidationerrormessage": "[{\"LCID\":2070,\"Value\":\"\"}]",
  "useCustomErrorMessage": false,
  "adddescription": false,
  "descriptionposition": 100000000,
  "description": "[{\"LCID\":2070,\"Value\":\"\"}]",
  "validationMode": "regex",
  "validationregularexpression": "",
  "validationSimple": {
    "restrictionType": "allow",
    "specifiedDomains": "",
    "isRequired": false
  },
  "controlstyle": null,
  "addPrePopulate": false,
  "attributelogicalname": "cr0ea_email",
  "entityFormId": "502e4457-93ea-484d-99ad-b10e4d386ae3",
  "lcid": 2070,
  "validationregularexpressionerrormessage": "[{\"LCID\":2070,\"Value\":\"\"}]",
  "isPCFComponent": false,
  "fieldType": "StringType",
  "useattributedescriptionproperty": false,
  "telemetryData": {
    "fieldType": "StringType",
    "formId": "502e4457-93ea-484d-99ad-b10e4d386ae3",
    "isPrePopulateEnabled": false
  },
  "type": 100000000,
  "webformstep": "e03fe913-57b9-4e6f-9aa4-126b13915c98"
}</content>
  <iscustomizable>1</iscustomizable>
  <name>Dados Pessoais cr0ea_email</name>
  <powerpagecomponenttype>21</powerpagecomponenttype>
  <powerpagesiteid>
    <powerpagesiteid>6df7d34a-989b-4b8f-af54-14f521dea82d</powerpagesiteid>
  </powerpagesiteid>
  <statecode>0</statecode>
  <statuscode>1</statuscode>
</powerpagecomponent>