<powerpagecomponent powerpagecomponentid="e03fe913-57b9-4e6f-9aa4-126b13915c98">
  <content>{
  "targetentitylogicalname": "cr0ea_membros",
  "webform": "502e4457-93ea-484d-99ad-b10e4d386ae3",
  "formname": "Inscrição",
  "successmessage": "",
  "movepreviouspermitted": false,
  "mode": 100000000,
  "attachfilelabel": "",
  "attachfilemaxsize": null,
  "type": 100000001,
  "validationsummarylinksenabled": true,
  "referencequerystringisprimarykey": true,
  "hideformonsuccess": true,
  "entitypermissionsenabled": true,
  "nextstep": "30623253-b8d5-4b62-a754-bc29c3b3bdc7",
  "captcharequired": true,
  "showcaptchaforauthenticatedusers": true,
  "webFormMetadatas": [
    "46f00b66-7ba7-4b3f-8502-01c2a4963203",
    "d6d12996-3c3e-4b7b-be61-51448a9ca480",
    "bc5bb904-ed1a-44fe-a255-6714b8bfb07f",
    "2b0d2e2a-68c0-4860-9348-74d0855dd49b",
    "eddcf687-9618-4c38-8468-8961ca9a0ffc",
    "7e7e77e7-c725-4a3d-b567-dd95d233bfec"
  ]
}</content>
  <iscustomizable>1</iscustomizable>
  <name>Dados Pessoais</name>
  <powerpagecomponenttype>20</powerpagecomponenttype>
  <powerpagesiteid>
    <powerpagesiteid>6df7d34a-989b-4b8f-af54-14f521dea82d</powerpagesiteid>
  </powerpagesiteid>
  <statecode>0</statecode>
  <statuscode>1</statuscode>
</powerpagecomponent>