<powerpagecomponent powerpagecomponentid="3414bbb8-5f9f-424f-b136-d5eee59c3b1d">
  <content>{"createdOn":"2023-11-08T20:20:29.243Z","parentpageid":"a0315fa8-5ba6-430b-a858-8b08fb69858c","publishingstateid":"155d2308-bdb4-45f6-b231-e4c09d27b961","partialurl":"aula-yoga-22 1.jpg","title":"","summary":"","enabletracking":false,"excludefromsearch":false,"hiddenfromsitemap":false}</content>
  <filecontent mimetype="image/jpeg">aula-yoga-22%20(1).jpg</filecontent>
  <iscustomizable>1</iscustomizable>
  <name>aula-yoga-22 (1).jpg</name>
  <powerpagecomponenttype>3</powerpagecomponenttype>
  <powerpagesiteid>
    <powerpagesiteid>6df7d34a-989b-4b8f-af54-14f521dea82d</powerpagesiteid>
  </powerpagesiteid>
  <statecode>0</statecode>
  <statuscode>1</statuscode>
</powerpagecomponent>