<powerpagecomponent powerpagecomponentid="30eee542-5bda-44ae-ad48-4261edba3c04">
  <content>{"createdOn":"2023-11-10T16:41:08.569Z","parentpageid":"a0315fa8-5ba6-430b-a858-8b08fb69858c","publishingstateid":"155d2308-bdb4-45f6-b231-e4c09d27b961","partialurl":"Locator-flag-on-a-city-map.jpg","title":"","summary":"","enabletracking":false,"excludefromsearch":false,"hiddenfromsitemap":false}</content>
  <filecontent mimetype="image/jpeg">Locator-flag-on-a-city-map.jpg</filecontent>
  <iscustomizable>1</iscustomizable>
  <name>Locator-flag-on-a-city-map.jpg</name>
  <powerpagecomponenttype>3</powerpagecomponenttype>
  <powerpagesiteid>
    <powerpagesiteid>6df7d34a-989b-4b8f-af54-14f521dea82d</powerpagesiteid>
  </powerpagesiteid>
  <statecode>0</statecode>
  <statuscode>1</statuscode>
</powerpagecomponent>