<powerpagecomponent powerpagecomponentid="4ae7c716-8da7-446a-852c-c1d9b5466a86">
  <content>{"status":"enable","selectedThemeId":"329a43fa-5471-4678-8330-d3a0b404e9bb","siteSettingId":"4ae7c716-8da7-446a-852c-c1d9b5466a86","version":"V2"}</content>
  <iscustomizable>1</iscustomizable>
  <name>ThemeFeature</name>
  <powerpagecomponenttype>9</powerpagecomponenttype>
  <powerpagesiteid>
    <powerpagesiteid>6df7d34a-989b-4b8f-af54-14f521dea82d</powerpagesiteid>
  </powerpagesiteid>
  <statecode>0</statecode>
  <statuscode>1</statuscode>
</powerpagecomponent>