<powerpagecomponent powerpagecomponentid="84f8d2c4-a3eb-4faa-ae47-6bd0543d127e">
  <content>{"source":"&lt;!-- Default studio template. Please do not modify --&gt;\r\n&lt;div id=\"mainContent\" class = \"wrapper-body\" role=\"main\"&gt;\r\n    {% include 'Page Copy' %}\r\n&lt;/div&gt;"}</content>
  <iscustomizable>1</iscustomizable>
  <name>Default studio template</name>
  <powerpagecomponenttype>8</powerpagecomponenttype>
  <powerpagesiteid>
    <powerpagesiteid>6df7d34a-989b-4b8f-af54-14f521dea82d</powerpagesiteid>
  </powerpagesiteid>
  <statecode>0</statecode>
  <statuscode>1</statuscode>
</powerpagecomponent>