<powerpagecomponent powerpagecomponentid="00f97710-6da6-13a8-16ed-9a4eb4973d3e">
  <content>{"createdOn":"2023-11-08T19:35:45.867Z","parentpageid":"a0315fa8-5ba6-430b-a858-8b08fb69858c","publishingstateid":"155d2308-bdb4-45f6-b231-e4c09d27b961","partialurl":"ORANGE-1.scss","title":"","summary":"ORANGE_DESCRIPTION","enabletracking":false,"excludefromsearch":false,"hiddenfromsitemap":false}</content>
  <filecontent mimetype="application/octet-stream">ORANGE%20(1)</filecontent>
  <iscustomizable>1</iscustomizable>
  <name>ORANGE (1)</name>
  <powerpagecomponenttype>3</powerpagecomponenttype>
  <powerpagesiteid>
    <powerpagesiteid>6df7d34a-989b-4b8f-af54-14f521dea82d</powerpagesiteid>
  </powerpagesiteid>
  <statecode>0</statecode>
  <statuscode>1</statuscode>
</powerpagecomponent>