<powerpagecomponent powerpagecomponentid="fe2102ec-7984-ee11-8179-0022489bae2a">
  <content>{"botschemaname":"crde9_893f8e82-03be-4de4-9941-c3fda7aa37aa", "configjson":"{}"}</content>
  <iscustomizable>1</iscustomizable>
  <name>Bot Consumer</name>
  <powerpagecomponenttype>27</powerpagecomponenttype>
  <powerpagesiteid>
    <powerpagesiteid>6df7d34a-989b-4b8f-af54-14f521dea82d</powerpagesiteid>
  </powerpagesiteid>
  <statecode>0</statecode>
  <statuscode>1</statuscode>
</powerpagecomponent>