<powerpagesites>
  <powerpagesite powerpagesiteid="6df7d34a-989b-4b8f-af54-14f521dea82d">
    <content>{"defaultlanguage":"3498d286-7c80-4e9e-ad03-0f0f6ee748c1","footerwebtemplateid":"07cc72b4-c756-4cf2-90ff-5b079d76c2df","headerwebtemplateid":"0e9ed9b3-7ac9-4f11-9fe9-20b60956d8ab","statecode":0,"statuscode":1,"website_language":2070}</content>
    <datamodelversion>2.0</datamodelversion>
    <iscustomizable>1</iscustomizable>
    <name>Grupo2_v2 - tacfitness</name>
    <primarydomainname>tacfitness.powerappsportals.com</primarydomainname>
    <statecode>0</statecode>
    <statuscode>1</statuscode>
  </powerpagesite>
</powerpagesites>