<powerpagesitelanguages>
  <powerpagesitelanguage powerpagesitelanguageid="3498d286-7c80-4e9e-ad03-0f0f6ee748c1">
    <content>{"publishingstate":"155d2308-bdb4-45f6-b231-e4c09d27b961","systemlanguage":2070}</content>
    <displayname>português (Portugal)</displayname>
    <iscustomizable>1</iscustomizable>
    <languagecode>pt-PT</languagecode>
    <lcid>2070</lcid>
    <name>Portuguese - Portugal</name>
    <powerpagesiteid>
      <powerpagesiteid>6df7d34a-989b-4b8f-af54-14f521dea82d</powerpagesiteid>
    </powerpagesiteid>
    <statecode>0</statecode>
    <statuscode>1</statuscode>
  </powerpagesitelanguage>
</powerpagesitelanguages>