<powerpagecomponent powerpagecomponentid="e84d5e44-f080-480a-ab29-f6cf1b84c1f7">
  <content>{
  "copy": "&lt;div class=\"row sectionBlockLayout\" style=\"display: flex; flex-wrap: wrap; margin: 0px; text-align: center; min-height: auto; padding: 8px;\"&gt;\n  &lt;div class=\"container\" style=\"display: flex; flex-wrap: wrap;\"&gt;\n    &lt;div class=\"col-md-6 columnBlockLayout\" style=\"word-break: break-word; flex-grow: 1; min-width: 300px; display: flex; flex-direction: column; margin-left: 0px; margin-right: 0px;\"&gt;\n      &lt;div class=\"row sectionBlockLayout\" style=\"display: flex; flex-wrap: wrap; padding: 8px; margin: 0px; min-height: 100px;\"&gt;&lt;/div&gt;\n      &lt;img src=\"/ContaCtos 2.png\" alt=\"ContaCtos (2)\" name=\"ContaCtos (2).png\" style=\"width: 101.17%; height: 311px; max-width: 100%; margin-left: auto; margin-right: auto;\" /&gt;\n    &lt;/div&gt;\n    &lt;div class=\"col-md-6 columnBlockLayout\" style=\"word-break: break-word; flex-grow: 1; min-width: 300px; display: flex; flex-direction: column; margin-left: 0px; margin-right: 0px;\"&gt;\n      &lt;h3 style=\"text-align: center;\"&gt;​Tem mais dúvidas? &lt;br /&gt;&lt;/h3&gt;\n      &lt;p style=\"text-align: left;\"&gt;Consulte o nosso chat, TicTac, ele está ao seu dispor.&lt;/p&gt;\n      &lt;iframe frameborder=\"0\" src=\"https://web.powerva.microsoft.com/environments/d99ac9f1-049f-e3b9-a565-6db03631204d/bots/crde9_botGrupo2/webchat?__version__=2\" style=\"width: 100%; height: 450px; max-width: 100%; background-color: white;\"&gt;&lt;/iframe&gt;\n    &lt;/div&gt;\n  &lt;/div&gt;\n&lt;/div&gt;\n",
  "displayorder": 2,
  "enablerating": false,
  "enabletracking": false,
  "excludefromsearch": false,
  "feedbackpolicy": 756150000,
  "hiddenfromsitemap": false,
  "isroot": false,
  "pagetemplateid": "aef6d470-cd78-4bf5-9944-e052528ad2cf",
  "parentpageid": "a0315fa8-5ba6-430b-a858-8b08fb69858c",
  "partialurl": "Contactos",
  "publishingstateid": "155d2308-bdb4-45f6-b231-e4c09d27b961",
  "rootwebpageid": "dc320e32-2977-4963-8afc-2a481412c1f1",
  "sharedpageconfiguration": true,
  "summary": "&lt;p&gt;Esta é uma página de destino de exemplo, concebida para ser um ponto de partida para o seu site&lt;/p&gt;",
  "title": "Página"
}</content>
  <iscustomizable>1</iscustomizable>
  <name>Contactos</name>
  <powerpagecomponenttype>2</powerpagecomponenttype>
  <powerpagesiteid>
    <powerpagesiteid>6df7d34a-989b-4b8f-af54-14f521dea82d</powerpagesiteid>
  </powerpagesiteid>
  <powerpagesitelanguageid>
    <powerpagesitelanguageid>3498d286-7c80-4e9e-ad03-0f0f6ee748c1</powerpagesitelanguageid>
  </powerpagesitelanguageid>
  <searchcontent>Página&lt;div class="row sectionBlockLayout" style="display: flex; flex-wrap: wrap; margin: 0px; text-align: center; min-height: auto; padding: 8px;"&gt;
  &lt;div class="container" style="display: flex; flex-wrap: wrap;"&gt;
    &lt;div class="col-md-6 columnBlockLayout" style="word-break: break-word; flex-grow: 1; min-width: 300px; display: flex; flex-direction: column; margin-left: 0px; margin-right: 0px;"&gt;
      &lt;div class="row sectionBlockLayout" style="display: flex; flex-wrap: wrap; padding: 8px; margin: 0px; min-height: 100px;"&gt;&lt;/div&gt;
      &lt;img src="/ContaCtos 2.png" alt="ContaCtos (2)" name="ContaCtos (2).png" style="width: 101.17%; height: 311px; max-width: 100%; margin-left: auto; margin-right: auto;" /&gt;
    &lt;/div&gt;
    &lt;div class="col-md-6 columnBlockLayout" style="word-break: break-word; flex-grow: 1; min-width: 300px; display: flex; flex-direction: column; margin-left: 0px; margin-right: 0px;"&gt;
      &lt;h3 style="text-align: center;"&gt;​Tem mais dúvidas? &lt;br /&gt;&lt;/h3&gt;
      &lt;p style="text-align: left;"&gt;Consulte o nosso chat, TicTac, ele está ao seu dispor.&lt;/p&gt;
      &lt;iframe frameborder="0" src="https://web.powerva.microsoft.com/environments/d99ac9f1-049f-e3b9-a565-6db03631204d/bots/crde9_botGrupo2/webchat?__version__=2" style="width: 100%; height: 450px; max-width: 100%; background-color: white;"&gt;&lt;/iframe&gt;
    &lt;/div&gt;
  &lt;/div&gt;
&lt;/div&gt;
Contactos</searchcontent>
  <statecode>0</statecode>
  <statuscode>1</statuscode>
</powerpagecomponent>