<powerpagecomponent powerpagecomponentid="9cfe45bf-e317-4063-861f-5a4b8bf2ea28">
  <content>{"adx_webpageaccesscontrolrule_webrole":["002d4cba-4378-440d-b58e-b85784b0ac85"],"right":1,"scope":1,"webpageid":"a0315fa8-5ba6-430b-a858-8b08fb69858c"}</content>
  <iscustomizable>1</iscustomizable>
  <name>Autorizar Alteração de Administradores</name>
  <powerpagecomponenttype>10</powerpagecomponenttype>
  <powerpagesiteid>
    <powerpagesiteid>6df7d34a-989b-4b8f-af54-14f521dea82d</powerpagesiteid>
  </powerpagesiteid>
  <statecode>0</statecode>
  <statuscode>1</statuscode>
</powerpagecomponent>