<powerpagecomponent powerpagecomponentid="798444d0-6f30-4957-8f8b-06649c57ccf2">
  <content>{"description":"A ativação desta definição mostrará todas as atividades do cliente na linha cronológica do portal.","value":"false"}</content>
  <iscustomizable>1</iscustomizable>
  <name>CustomerSupport/DisplayAllUserActivitiesOnTimeline</name>
  <powerpagecomponenttype>9</powerpagecomponenttype>
  <powerpagesiteid>
    <powerpagesiteid>6df7d34a-989b-4b8f-af54-14f521dea82d</powerpagesiteid>
  </powerpagesiteid>
  <statecode>0</statecode>
  <statuscode>1</statuscode>
</powerpagecomponent>