<powerpagecomponent powerpagecomponentid="50ddf85a-5d3e-424d-9665-0eb0757f5c0a">
  <content>{"createdOn":"2023-11-20T09:51:46.392Z","parentpageid":"a0315fa8-5ba6-430b-a858-8b08fb69858c","publishingstateid":"155d2308-bdb4-45f6-b231-e4c09d27b961","partialurl":"mini Wall-e no ginásio5.png","title":"","summary":"","enabletracking":false,"excludefromsearch":false,"hiddenfromsitemap":false}</content>
  <filecontent mimetype="image/png">mini%20Wall-e%20no%20gin%C3%A1sio5.png</filecontent>
  <iscustomizable>1</iscustomizable>
  <name>mini Wall-e no ginásio5.png</name>
  <powerpagecomponenttype>3</powerpagecomponenttype>
  <powerpagesiteid>
    <powerpagesiteid>6df7d34a-989b-4b8f-af54-14f521dea82d</powerpagesiteid>
  </powerpagesiteid>
  <statecode>0</statecode>
  <statuscode>1</statuscode>
</powerpagecomponent>