<powerpagecomponent powerpagecomponentid="1f0d7b32-acca-4cfc-9e7e-be45fa6bb4ca">
  <content>{"createdOn":"2023-11-17T15:19:12.996Z","parentpageid":"a0315fa8-5ba6-430b-a858-8b08fb69858c","publishingstateid":"155d2308-bdb4-45f6-b231-e4c09d27b961","partialurl":"Contactos.png","title":"","summary":"","enabletracking":false,"excludefromsearch":false,"hiddenfromsitemap":false}</content>
  <filecontent mimetype="image/png">Contactos.png</filecontent>
  <iscustomizable>1</iscustomizable>
  <name>Contactos.png</name>
  <powerpagecomponenttype>3</powerpagecomponenttype>
  <powerpagesiteid>
    <powerpagesiteid>6df7d34a-989b-4b8f-af54-14f521dea82d</powerpagesiteid>
  </powerpagesiteid>
  <statecode>0</statecode>
  <statuscode>1</statuscode>
</powerpagecomponent>