<powerpagecomponent powerpagecomponentid="83671726-abd2-48a4-829f-97e0e1837c2c">
  <content>{"createdOn":"2023-11-10T16:43:06.594Z","parentpageid":"a0315fa8-5ba6-430b-a858-8b08fb69858c","publishingstateid":"155d2308-bdb4-45f6-b231-e4c09d27b961","partialurl":"World-map-and-luggage.jpg","title":"","summary":"","enabletracking":false,"excludefromsearch":false,"hiddenfromsitemap":false}</content>
  <filecontent mimetype="image/jpeg">World-map-and-luggage.jpg</filecontent>
  <iscustomizable>1</iscustomizable>
  <name>World-map-and-luggage.jpg</name>
  <powerpagecomponenttype>3</powerpagecomponenttype>
  <powerpagesiteid>
    <powerpagesiteid>6df7d34a-989b-4b8f-af54-14f521dea82d</powerpagesiteid>
  </powerpagesiteid>
  <statecode>0</statecode>
  <statuscode>1</statuscode>
</powerpagecomponent>