<powerpagecomponent powerpagecomponentid="d6d12996-3c3e-4b7b-be61-51448a9ca480">
  <content>{
  "label": "[{\"LCID\":2070,\"Value\":\"Género\"}]",
  "fieldisrequired": false,
  "requiredfieldvalidationerrormessage": "[{\"LCID\":2070,\"Value\":\"\"}]",
  "useCustomErrorMessage": false,
  "adddescription": false,
  "descriptionposition": 100000000,
  "description": "[{\"LCID\":2070,\"Value\":\"\"}]",
  "validationMode": "",
  "validationregularexpression": "",
  "validationSimple": {},
  "controlstyle": null,
  "addPrePopulate": false,
  "attributelogicalname": "cr0ea_genero",
  "entityFormId": "502e4457-93ea-484d-99ad-b10e4d386ae3",
  "lcid": 2070,
  "validationregularexpressionerrormessage": "",
  "isPCFComponent": false,
  "fieldType": "PicklistType",
  "useattributedescriptionproperty": false,
  "telemetryData": {
    "fieldType": "PicklistType",
    "formId": "502e4457-93ea-484d-99ad-b10e4d386ae3",
    "isPrePopulateEnabled": false
  },
  "type": 100000000,
  "webformstep": "e03fe913-57b9-4e6f-9aa4-126b13915c98"
}</content>
  <iscustomizable>1</iscustomizable>
  <name>Dados Pessoais cr0ea_genero</name>
  <powerpagecomponenttype>21</powerpagecomponenttype>
  <powerpagesiteid>
    <powerpagesiteid>6df7d34a-989b-4b8f-af54-14f521dea82d</powerpagesiteid>
  </powerpagesiteid>
  <statecode>0</statecode>
  <statuscode>1</statuscode>
</powerpagecomponent>