<powerpagecomponent powerpagecomponentid="1b706fbd-677b-4dc8-8db2-f016f333688d">
  <content>{"display_name":"Predefinição","publishingstateid":"155d2308-bdb4-45f6-b231-e4c09d27b961"}</content>
  <iscustomizable>1</iscustomizable>
  <name>Default</name>
  <powerpagecomponenttype>4</powerpagecomponenttype>
  <powerpagesiteid>
    <powerpagesiteid>6df7d34a-989b-4b8f-af54-14f521dea82d</powerpagesiteid>
  </powerpagesiteid>
  <powerpagesitelanguageid>
    <powerpagesitelanguageid>3498d286-7c80-4e9e-ad03-0f0f6ee748c1</powerpagesitelanguageid>
  </powerpagesitelanguageid>
  <statecode>0</statecode>
  <statuscode>1</statuscode>
</powerpagecomponent>