<powerpagecomponent powerpagecomponentid="0f1b9406-aeca-43c5-9e74-c21e01aeaa5f">
  <content>{
  "description": "",
  "disablepagevalidation": false,
  "displayimageonly": false,
  "displayorder": 7,
  "displaypagechildlinks": false,
  "openinnewwindow": false,
  "pageid": "6fb38bdc-deae-496a-a6ba-5f5bf5a275db",
  "parentweblinkid": null,
  "publishingstateid": "155d2308-bdb4-45f6-b231-e4c09d27b961",
  "robotsfollowlink": true,
  "weblinksetid": "1b706fbd-677b-4dc8-8db2-f016f333688d"
}</content>
  <iscustomizable>1</iscustomizable>
  <name>Adesão</name>
  <powerpagecomponenttype>5</powerpagecomponenttype>
  <powerpagesiteid>
    <powerpagesiteid>6df7d34a-989b-4b8f-af54-14f521dea82d</powerpagesiteid>
  </powerpagesiteid>
  <statecode>0</statecode>
  <statuscode>1</statuscode>
</powerpagecomponent>