<powerpagecomponent powerpagecomponentid="725dc220-d06c-4fa8-a55f-75773f29fda0">
  <content>{"adx_websiteaccess_webrole":["002d4cba-4378-440d-b58e-b85784b0ac85"],"managecontentsnippets":true,"managesitemarkers":true,"manageweblinksets":true,"previewunpublishedentities":true}</content>
  <iscustomizable>1</iscustomizable>
  <name>Permissões administrativas para Estrutura de site 005</name>
  <powerpagecomponenttype>12</powerpagecomponenttype>
  <powerpagesiteid>
    <powerpagesiteid>6df7d34a-989b-4b8f-af54-14f521dea82d</powerpagesiteid>
  </powerpagesiteid>
  <statecode>0</statecode>
  <statuscode>1</statuscode>
</powerpagecomponent>