<powerpagecomponent powerpagecomponentid="e846981e-776c-4b0f-be12-7161118317f3">
  <content>{"display_name":"Procurar/Contagem de Resultados","type":756150000,"value":"{{ current_page }} - {{ page_size }} de {{ searchindex.approximate_total_hits }} Resultados\r\n"}</content>
  <iscustomizable>1</iscustomizable>
  <name>Search/ResultsCount</name>
  <powerpagecomponenttype>7</powerpagecomponenttype>
  <powerpagesiteid>
    <powerpagesiteid>6df7d34a-989b-4b8f-af54-14f521dea82d</powerpagesiteid>
  </powerpagesiteid>
  <powerpagesitelanguageid>
    <powerpagesitelanguageid>3498d286-7c80-4e9e-ad03-0f0f6ee748c1</powerpagesitelanguageid>
  </powerpagesitelanguageid>
  <statecode>0</statecode>
  <statuscode>1</statuscode>
</powerpagecomponent>