<powerpagecomponent powerpagecomponentid="fb9197fd-adfe-440c-9e3c-85790bfaa088">
  <content>{"description":"Definição do site que controla a profundidade da hierarquia de páginas Web que é clonada num idioma suportado recentemente adicionado. Os conjuntos de ligações Web e os fragmentos de conteúdo são clonados no idioma recentemente adicionado quando as páginas Web são clonadas.","value":"3"}</content>
  <iscustomizable>1</iscustomizable>
  <name>MultiLanguage/MaximumDepthToClone</name>
  <powerpagecomponenttype>9</powerpagecomponenttype>
  <powerpagesiteid>
    <powerpagesiteid>6df7d34a-989b-4b8f-af54-14f521dea82d</powerpagesiteid>
  </powerpagesiteid>
  <statecode>0</statecode>
  <statuscode>1</statuscode>
</powerpagecomponent>