<powerpagecomponent powerpagecomponentid="1810bd26-a457-41da-8a10-602e8beae38b">
  <content>{"createdOn":"2023-11-08T19:40:31.467Z","parentpageid":"a0315fa8-5ba6-430b-a858-8b08fb69858c","publishingstateid":"155d2308-bdb4-45f6-b231-e4c09d27b961","partialurl":"istockphoto-1457500913-1024x1024.jpg","title":"","summary":"","enabletracking":false,"excludefromsearch":false,"hiddenfromsitemap":false}</content>
  <filecontent mimetype="image/jpeg">istockphoto-1457500913-1024x1024.jpg</filecontent>
  <iscustomizable>1</iscustomizable>
  <name>istockphoto-1457500913-1024x1024.jpg</name>
  <powerpagecomponenttype>3</powerpagecomponenttype>
  <powerpagesiteid>
    <powerpagesiteid>6df7d34a-989b-4b8f-af54-14f521dea82d</powerpagesiteid>
  </powerpagesiteid>
  <statecode>0</statecode>
  <statuscode>1</statuscode>
</powerpagecomponent>