<powerpagecomponent powerpagecomponentid="490a6d72-35b7-4008-a68f-55e10cea4830">
  <content>{"enablerating":false,"enabletracking":false,"excludefromsearch":false,"feedbackpolicy":756150000,"hiddenfromsitemap":true,"isroot":true,"pagetemplateid":"6536c8c4-3926-40d4-a4c9-a97ca34be9ee","parentpageid":"a0315fa8-5ba6-430b-a858-8b08fb69858c","partialurl":"profile","publishingstateid":"155d2308-bdb4-45f6-b231-e4c09d27b961","sharedpageconfiguration":false,"title":"Perfil"}</content>
  <iscustomizable>1</iscustomizable>
  <name>Perfil</name>
  <powerpagecomponenttype>2</powerpagecomponenttype>
  <powerpagesiteid>
    <powerpagesiteid>6df7d34a-989b-4b8f-af54-14f521dea82d</powerpagesiteid>
  </powerpagesiteid>
  <searchcontent>PerfilPerfil</searchcontent>
  <statecode>0</statecode>
  <statuscode>1</statuscode>
</powerpagecomponent>