<powerpagecomponent powerpagecomponentid="c072e652-f64f-4b88-8ccf-73c11ebed272">
  <content>{
  "description": "",
  "disablepagevalidation": false,
  "displayimageonly": false,
  "displayorder": 9,
  "displaypagechildlinks": false,
  "openinnewwindow": false,
  "pageid": "dc320e32-2977-4963-8afc-2a481412c1f1",
  "publishingstateid": "155d2308-bdb4-45f6-b231-e4c09d27b961",
  "robotsfollowlink": true,
  "weblinksetid": "1b706fbd-677b-4dc8-8db2-f016f333688d",
  "parentweblinkid": null
}</content>
  <iscustomizable>1</iscustomizable>
  <name>Contactos</name>
  <powerpagecomponenttype>5</powerpagecomponenttype>
  <powerpagesiteid>
    <powerpagesiteid>6df7d34a-989b-4b8f-af54-14f521dea82d</powerpagesiteid>
  </powerpagesiteid>
  <statecode>0</statecode>
  <statuscode>1</statuscode>
</powerpagecomponent>