<powerpagecomponent powerpagecomponentid="ef8d2e82-a130-6dd0-d2b8-6b6e10ddb631">
  <content>{
  "displayorder": 3,
  "customcss": "",
  "customjavascript": "",
  "pagetemplateid": "aef6d470-cd78-4bf5-9944-e052528ad2cf",
  "parentpageid": "a0315fa8-5ba6-430b-a858-8b08fb69858c",
  "partialurl": "Home-Page-1-deleted",
  "isroot": true,
  "title": "Home Page (1)",
  "summary": "&lt;p&gt;This is a sample landing page designed to be a starting point for your website&lt;/p&gt;",
  "copy": "",
  "publishingstateid": "155d2308-bdb4-45f6-b231-e4c09d27b961",
  "enablerating": false,
  "enabletracking": false,
  "excludefromsearch": false,
  "hiddenfromsitemap": true,
  "sharedpageconfiguration": false
}</content>
  <iscustomizable>1</iscustomizable>
  <name>Home Page (1)-deleted</name>
  <powerpagecomponenttype>2</powerpagecomponenttype>
  <powerpagesiteid>
    <powerpagesiteid>6df7d34a-989b-4b8f-af54-14f521dea82d</powerpagesiteid>
  </powerpagesiteid>
  <searchcontent>Home Page (1)Home Page (1)-deleted</searchcontent>
  <statecode>1</statecode>
  <statuscode>2</statuscode>
</powerpagecomponent>