<powerpagecomponent powerpagecomponentid="30623253-b8d5-4b62-a754-bc29c3b3bdc7">
  <content>{
  "targetentitylogicalname": "cr0ea__login",
  "webform": "502e4457-93ea-484d-99ad-b10e4d386ae3",
  "formname": "Login",
  "successmessage": "[{\"LCID\":2070,\"Value\":\"\"}]",
  "movepreviouspermitted": true,
  "mode": 100000000,
  "attachfilelabel": "[{\"LCID\":2070,\"Value\":\"\"}]",
  "attachfilemaxsize": null,
  "type": 100000001,
  "validationsummarylinksenabled": true,
  "referencequerystringisprimarykey": true,
  "hideformonsuccess": true,
  "entitypermissionsenabled": true,
  "webFormMetadatas": [
    "14dccd26-fcff-468e-b4ac-77e0db754d1c",
    "d6694845-e378-4c92-9c65-89d110ae0ac7"
  ]
}</content>
  <iscustomizable>1</iscustomizable>
  <name>Dados de Login</name>
  <powerpagecomponenttype>20</powerpagecomponenttype>
  <powerpagesiteid>
    <powerpagesiteid>6df7d34a-989b-4b8f-af54-14f521dea82d</powerpagesiteid>
  </powerpagesiteid>
  <statecode>0</statecode>
  <statuscode>1</statuscode>
</powerpagecomponent>