<powerbireport uniquename="syl_d63c1e8c676641c4b97b7e83012d7d91">
  <datasetid>
    <uniquename>new_dataset_e805ba14-f243-4dcf-89a4-d839081379f8</uniquename>
  </datasetid>
  <iscustomizable>1</iscustomizable>
  <name>Análise de Mercado</name>
  <package mimetype="application/zip">package.pbipkg</package>
  <reportobjectid>76c1f222-57c9-4430-a59a-307ba9354c37</reportobjectid>
  <reportoriginalobjectid>cb206a54-ffcd-44b3-83fe-9b5518caf40c</reportoriginalobjectid>
  <statecode>0</statecode>
  <statuscode>1</statuscode>
</powerbireport>