<powerpagecomponent powerpagecomponentid="b54810aa-2a10-47da-9c5f-5b289865bb16">
  <content>{
  "copy": "&lt;div class=\"row sectionBlockLayout text-left\" style=\"display: flex; flex-wrap: wrap; min-height: 361px; padding: 8px; margin: 0px;\"&gt;\n  &lt;div class=\"container\" style=\"display: flex; flex-wrap: wrap;\"&gt;\n    &lt;div class=\"col-md-12 columnBlockLayout\" style=\"word-break: break-word; flex-grow: 1; min-width: 300px; display: flex; flex-direction: column;\"&gt;\n      &lt;h2 style=\"text-align: center;\"&gt;Faça a sua adesão ao nosso Ginásio!&lt;br /&gt;&lt;/h2&gt;\n      &lt;div class=\"row sectionBlockLayout\" style=\"display: flex; flex-wrap: wrap; padding: 8px; margin: 0px; min-height: 15px;\"&gt;&lt;/div&gt;\n      &lt;p&gt;Preencha o formulário abaixo:&lt;/p&gt;\n      {% webform name: 'adesao' %}\n    &lt;/div&gt;\n  &lt;/div&gt;\n&lt;/div&gt;\n",
  "displayorder": 2,
  "enablerating": false,
  "enabletracking": false,
  "excludefromsearch": false,
  "feedbackpolicy": 756150000,
  "hiddenfromsitemap": false,
  "isroot": false,
  "pagetemplateid": "aef6d470-cd78-4bf5-9944-e052528ad2cf",
  "parentpageid": "a0315fa8-5ba6-430b-a858-8b08fb69858c",
  "partialurl": "adesao",
  "publishingstateid": "155d2308-bdb4-45f6-b231-e4c09d27b961",
  "rootwebpageid": "6fb38bdc-deae-496a-a6ba-5f5bf5a275db",
  "sharedpageconfiguration": true,
  "summary": "&lt;p&gt;Esta é uma página de destino de exemplo, concebida para ser um ponto de partida para o seu site&lt;/p&gt;",
  "title": "Subpágina dois"
}</content>
  <iscustomizable>1</iscustomizable>
  <name>Adesão</name>
  <powerpagecomponenttype>2</powerpagecomponenttype>
  <powerpagesiteid>
    <powerpagesiteid>6df7d34a-989b-4b8f-af54-14f521dea82d</powerpagesiteid>
  </powerpagesiteid>
  <powerpagesitelanguageid>
    <powerpagesitelanguageid>3498d286-7c80-4e9e-ad03-0f0f6ee748c1</powerpagesitelanguageid>
  </powerpagesitelanguageid>
  <searchcontent>Subpágina dois&lt;div class="row sectionBlockLayout text-left" style="display: flex; flex-wrap: wrap; min-height: 361px; padding: 8px; margin: 0px;"&gt;
  &lt;div class="container" style="display: flex; flex-wrap: wrap;"&gt;
    &lt;div class="col-md-12 columnBlockLayout" style="word-break: break-word; flex-grow: 1; min-width: 300px; display: flex; flex-direction: column;"&gt;
      &lt;h2 style="text-align: center;"&gt;Faça a sua adesão ao nosso Ginásio!&lt;br /&gt;&lt;/h2&gt;
      &lt;div class="row sectionBlockLayout" style="display: flex; flex-wrap: wrap; padding: 8px; margin: 0px; min-height: 15px;"&gt;&lt;/div&gt;
      &lt;p&gt;Preencha o formulário abaixo:&lt;/p&gt;
      {% webform name: 'adesao' %}
    &lt;/div&gt;
  &lt;/div&gt;
&lt;/div&gt;
Adesão</searchcontent>
  <statecode>0</statecode>
  <statuscode>1</statuscode>
</powerpagecomponent>