<powerpagecomponent powerpagecomponentid="125ade0a-25bd-42df-86b1-1e7c19dbffb2">
  <content>{"createdOn":"2023-11-09T17:18:38.921Z","parentpageid":"a0315fa8-5ba6-430b-a858-8b08fb69858c","publishingstateid":"155d2308-bdb4-45f6-b231-e4c09d27b961","partialurl":"athletic-man-woman-with-dumbbells2.jpg","title":"","summary":"","enabletracking":false,"excludefromsearch":false,"hiddenfromsitemap":false}</content>
  <filecontent mimetype="image/jpeg">athletic-man-woman-with-dumbbells2.jpg</filecontent>
  <iscustomizable>1</iscustomizable>
  <name>athletic-man-woman-with-dumbbells2.jpg</name>
  <powerpagecomponenttype>3</powerpagecomponenttype>
  <powerpagesiteid>
    <powerpagesiteid>6df7d34a-989b-4b8f-af54-14f521dea82d</powerpagesiteid>
  </powerpagesiteid>
  <statecode>0</statecode>
  <statuscode>1</statuscode>
</powerpagecomponent>