<powerpagecomponent powerpagecomponentid="a85e342d-6b8d-41e7-bab1-c2d20d738527">
  <content>{"createdOn":"2023-11-10T11:27:29.475Z","parentpageid":"a0315fa8-5ba6-430b-a858-8b08fb69858c","publishingstateid":"155d2308-bdb4-45f6-b231-e4c09d27b961","partialurl":"estilos-de-vida-saudaveis-dentro-do-yoga-em-piso-de-madeira-gerado-por-ia.jpg","title":"","summary":"","enabletracking":false,"excludefromsearch":false,"hiddenfromsitemap":false}</content>
  <filecontent mimetype="image/jpeg">estilos-de-vida-saudaveis-dentro-do-yoga-em-piso-de-madeira-gerado-por-ia.jpg</filecontent>
  <iscustomizable>1</iscustomizable>
  <name>estilos-de-vida-saudaveis-dentro-do-yoga-em-piso-de-madeira-gerado-por-ia.jpg</name>
  <powerpagecomponenttype>3</powerpagecomponenttype>
  <powerpagesiteid>
    <powerpagesiteid>6df7d34a-989b-4b8f-af54-14f521dea82d</powerpagesiteid>
  </powerpagesiteid>
  <statecode>0</statecode>
  <statuscode>1</statuscode>
</powerpagecomponent>