<powerpagecomponent powerpagecomponentid="1efb7175-4e51-40f2-8106-7871bc81be16">
  <content>{"createdOn":"2023-11-10T16:24:02.926Z","parentpageid":"a0315fa8-5ba6-430b-a858-8b08fb69858c","publishingstateid":"155d2308-bdb4-45f6-b231-e4c09d27b961","partialurl":"Facebook 1.png","title":"","summary":"","enabletracking":false,"excludefromsearch":false,"hiddenfromsitemap":false}</content>
  <filecontent mimetype="image/png">Facebook%201.png</filecontent>
  <iscustomizable>1</iscustomizable>
  <name>Facebook 1.png</name>
  <powerpagecomponenttype>3</powerpagecomponenttype>
  <powerpagesiteid>
    <powerpagesiteid>6df7d34a-989b-4b8f-af54-14f521dea82d</powerpagesiteid>
  </powerpagesiteid>
  <statecode>0</statecode>
  <statuscode>1</statuscode>
</powerpagecomponent>