<powerpagecomponent powerpagecomponentid="81934e83-218e-4062-8b82-92ac4ff046f3">
  <content>{"createdOn":"2023-11-08T20:11:35.723Z","parentpageid":"a0315fa8-5ba6-430b-a858-8b08fb69858c","publishingstateid":"155d2308-bdb4-45f6-b231-e4c09d27b961","partialurl":"espacoAmplo.jpeg","title":"","summary":"","enabletracking":false,"excludefromsearch":false,"hiddenfromsitemap":false}</content>
  <filecontent mimetype="image/jpeg">espacoAmplo.jpeg</filecontent>
  <iscustomizable>1</iscustomizable>
  <name>espacoAmplo.jpeg</name>
  <powerpagecomponenttype>3</powerpagecomponenttype>
  <powerpagesiteid>
    <powerpagesiteid>6df7d34a-989b-4b8f-af54-14f521dea82d</powerpagesiteid>
  </powerpagesiteid>
  <statecode>0</statecode>
  <statuscode>1</statuscode>
</powerpagecomponent>