<powerpagecomponent powerpagecomponentid="382afa06-dc86-4b39-a66a-0df673a36305">
  <content>{"enablerating":false,"enabletracking":false,"excludefromsearch":false,"feedbackpolicy":756150000,"hiddenfromsitemap":true,"isroot":false,"pagetemplateid":"e4b2c285-5bac-4fb3-93c4-ad25f207646d","parentpageid":"a0315fa8-5ba6-430b-a858-8b08fb69858c","partialurl":"search","publishingstateid":"155d2308-bdb4-45f6-b231-e4c09d27b961","rootwebpageid":"686c0335-efac-40bc-93c0-8685f77a09b0","sharedpageconfiguration":false,"title":""}</content>
  <iscustomizable>1</iscustomizable>
  <name>Procurar</name>
  <powerpagecomponenttype>2</powerpagecomponenttype>
  <powerpagesiteid>
    <powerpagesiteid>6df7d34a-989b-4b8f-af54-14f521dea82d</powerpagesiteid>
  </powerpagesiteid>
  <powerpagesitelanguageid>
    <powerpagesitelanguageid>3498d286-7c80-4e9e-ad03-0f0f6ee748c1</powerpagesitelanguageid>
  </powerpagesitelanguageid>
  <searchcontent>Procurar</searchcontent>
  <statecode>0</statecode>
  <statuscode>1</statuscode>
</powerpagecomponent>