<powerpagecomponent powerpagecomponentid="f8ba81da-0ec0-4b8a-9c2b-38ba857bf7f5">
  <content>{
  "powerpagesitelanguageid": "3498d286-7c80-4e9e-ad03-0f0f6ee748c1",
  "display_name": "Rodapé",
  "type": 756150001,
  "value": "&lt;p class=\"smallText\"&gt;Copyright TAC Service Fitness 2023 ©&amp;nbsp;&lt;span&gt;&lt;/span&gt;. Todos os direitos reservados.&lt;/p&gt;\n&lt;script&gt;\n  document.getElementById('year').innerHTML = new Date().getFullYear();\n&lt;/script&gt;\n"
}</content>
  <iscustomizable>1</iscustomizable>
  <name>Footer</name>
  <powerpagecomponenttype>7</powerpagecomponenttype>
  <powerpagesiteid>
    <powerpagesiteid>6df7d34a-989b-4b8f-af54-14f521dea82d</powerpagesiteid>
  </powerpagesiteid>
  <powerpagesitelanguageid>
    <powerpagesitelanguageid>3498d286-7c80-4e9e-ad03-0f0f6ee748c1</powerpagesitelanguageid>
  </powerpagesitelanguageid>
  <statecode>0</statecode>
  <statuscode>1</statuscode>
</powerpagecomponent>