<powerpagecomponent powerpagecomponentid="bb501873-403c-4a72-bf89-3407191ae636">
  <content>{"createdOn":"2023-11-08T20:09:44.382Z","parentpageid":"a0315fa8-5ba6-430b-a858-8b08fb69858c","publishingstateid":"155d2308-bdb4-45f6-b231-e4c09d27b961","partialurl":"treino Personalizado.jpg","title":"","summary":"","enabletracking":false,"excludefromsearch":false,"hiddenfromsitemap":false}</content>
  <filecontent mimetype="image/jpeg">treino%20Personalizado.jpg</filecontent>
  <iscustomizable>1</iscustomizable>
  <name>treino Personalizado.jpg</name>
  <powerpagecomponenttype>3</powerpagecomponenttype>
  <powerpagesiteid>
    <powerpagesiteid>6df7d34a-989b-4b8f-af54-14f521dea82d</powerpagesiteid>
  </powerpagesiteid>
  <statecode>0</statecode>
  <statuscode>1</statuscode>
</powerpagecomponent>