<powerpagecomponent powerpagecomponentid="fe06834a-3318-4dae-b562-58e4d6def229">
  <content>{"display_name":"Texto alternativo do logótipo","type":756150000,"value":"Logótipo do nome da empresa\r\n"}</content>
  <iscustomizable>1</iscustomizable>
  <name>Logo alt text</name>
  <powerpagecomponenttype>7</powerpagecomponenttype>
  <powerpagesiteid>
    <powerpagesiteid>6df7d34a-989b-4b8f-af54-14f521dea82d</powerpagesiteid>
  </powerpagesiteid>
  <powerpagesitelanguageid>
    <powerpagesitelanguageid>3498d286-7c80-4e9e-ad03-0f0f6ee748c1</powerpagesitelanguageid>
  </powerpagesitelanguageid>
  <statecode>0</statecode>
  <statuscode>1</statuscode>
</powerpagecomponent>