<powerpagecomponent powerpagecomponentid="a0315fa8-5ba6-430b-a858-8b08fb69858c">
  <content>{
  "displayorder": 1,
  "enablerating": false,
  "enabletracking": false,
  "excludefromsearch": false,
  "feedbackpolicy": 756150005,
  "hiddenfromsitemap": false,
  "isroot": true,
  "pagetemplateid": "aef6d470-cd78-4bf5-9944-e052528ad2cf",
  "partialurl": "/",
  "publishingstateid": "155d2308-bdb4-45f6-b231-e4c09d27b961",
  "sharedpageconfiguration": false,
  "title": "Home Page",
  "parentpageid": null
}</content>
  <iscustomizable>1</iscustomizable>
  <name>Início</name>
  <powerpagecomponenttype>2</powerpagecomponenttype>
  <powerpagesiteid>
    <powerpagesiteid>6df7d34a-989b-4b8f-af54-14f521dea82d</powerpagesiteid>
  </powerpagesiteid>
  <searchcontent>Home PageInício</searchcontent>
  <statecode>0</statecode>
  <statuscode>1</statuscode>
</powerpagecomponent>