<powerpagecomponent powerpagecomponentid="7e7e77e7-c725-4a3d-b567-dd95d233bfec">
  <content>{
  "label": "[{\"LCID\":2070,\"Value\":\"Telemóvel\"}]",
  "fieldisrequired": true,
  "requiredfieldvalidationerrormessage": "[{\"LCID\":2070,\"Value\":\"\"}]",
  "useCustomErrorMessage": false,
  "adddescription": false,
  "descriptionposition": 100000000,
  "description": "[{\"LCID\":2070,\"Value\":\"\"}]",
  "validationMode": "simple",
  "validationregularexpression": "^.{0,9}$",
  "validationSimple": {
    "maxCharCount": "9",
    "isRequired": true
  },
  "controlstyle": null,
  "addPrePopulate": false,
  "attributelogicalname": "cr0ea_telemovel",
  "entityFormId": "502e4457-93ea-484d-99ad-b10e4d386ae3",
  "lcid": 2070,
  "validationregularexpressionerrormessage": "[{\"LCID\":2070,\"Value\":\"&lt;strong&gt;Telemóvel.&lt;/strong&gt; O texto excede a contagem máxima de carateres (máximo: 9)\"}]",
  "isPCFComponent": false,
  "fieldType": "StringType",
  "useattributedescriptionproperty": false,
  "telemetryData": {
    "fieldType": "StringType",
    "formId": "502e4457-93ea-484d-99ad-b10e4d386ae3",
    "isPrePopulateEnabled": false
  },
  "type": 100000000,
  "webformstep": "e03fe913-57b9-4e6f-9aa4-126b13915c98"
}</content>
  <iscustomizable>1</iscustomizable>
  <name>Dados Pessoais cr0ea_telemovel</name>
  <powerpagecomponenttype>21</powerpagecomponenttype>
  <powerpagesiteid>
    <powerpagesiteid>6df7d34a-989b-4b8f-af54-14f521dea82d</powerpagesiteid>
  </powerpagesiteid>
  <statecode>0</statecode>
  <statuscode>1</statuscode>
</powerpagecomponent>