<powerpagecomponent powerpagecomponentid="0211f010-37cd-47aa-8aa0-8eedc0916527">
  <content>{"contentdisposition":756150000,"enabletracking":false,"excludefromsearch":false,"hiddenfromsitemap":false,"parentpageid":"a0315fa8-5ba6-430b-a858-8b08fb69858c","partialurl":"Logo-sm-64.png","publishingstateid":"155d2308-bdb4-45f6-b231-e4c09d27b961"}</content>
  <filecontent mimetype="application/octet-stream">Logo-sm-64.png</filecontent>
  <iscustomizable>1</iscustomizable>
  <name>Logo-sm-64.png</name>
  <powerpagecomponenttype>3</powerpagecomponenttype>
  <powerpagesiteid>
    <powerpagesiteid>6df7d34a-989b-4b8f-af54-14f521dea82d</powerpagesiteid>
  </powerpagesiteid>
  <statecode>0</statecode>
  <statuscode>1</statuscode>
</powerpagecomponent>