<powerpagecomponent powerpagecomponentid="5e79e77c-eb6d-4476-b2f2-7d7da6415b5d">
  <content>{
  "powerpagesitelanguageid": "3498d286-7c80-4e9e-ad03-0f0f6ee748c1",
  "display_name": "URL do Logótipo",
  "type": 756150000,
  "value": "/Logo rosa branco.png"
}</content>
  <iscustomizable>1</iscustomizable>
  <name>Logo URL</name>
  <powerpagecomponenttype>7</powerpagecomponenttype>
  <powerpagesiteid>
    <powerpagesiteid>6df7d34a-989b-4b8f-af54-14f521dea82d</powerpagesiteid>
  </powerpagesiteid>
  <powerpagesitelanguageid>
    <powerpagesitelanguageid>3498d286-7c80-4e9e-ad03-0f0f6ee748c1</powerpagesitelanguageid>
  </powerpagesitelanguageid>
  <statecode>0</statecode>
  <statuscode>1</statuscode>
</powerpagecomponent>