<powerpagecomponent powerpagecomponentid="502e4457-93ea-484d-99ad-b10e4d386ae3">
  <content>{
  "progressindicatorenabled": true,
  "multiplerecordsperuserpermitted": true,
  "progressindicatorposition": 756150000,
  "editexistingrecordpermitted": true,
  "webFormSteps": [
    "e03fe913-57b9-4e6f-9aa4-126b13915c98",
    "30623253-b8d5-4b62-a754-bc29c3b3bdc7"
  ],
  "startstep": "e03fe913-57b9-4e6f-9aa4-126b13915c98"
}</content>
  <iscustomizable>1</iscustomizable>
  <name>adesao</name>
  <powerpagecomponenttype>19</powerpagecomponenttype>
  <powerpagesiteid>
    <powerpagesiteid>6df7d34a-989b-4b8f-af54-14f521dea82d</powerpagesiteid>
  </powerpagesiteid>
  <statecode>0</statecode>
  <statuscode>1</statuscode>
</powerpagecomponent>