<powerpagecomponent powerpagecomponentid="435535ed-785d-4ab8-9f05-1f429e828da8">
  <content>{"description":"","disablepagevalidation":false,"displayimageonly":false,"displayorder":1,"displaypagechildlinks":false,"openinnewwindow":false,"pageid":"490a6d72-35b7-4008-a68f-55e10cea4830","publishingstateid":"155d2308-bdb4-45f6-b231-e4c09d27b961","robotsfollowlink":true,"weblinksetid":"91068673-a611-4d4c-a62a-05f3d5b6a2c6"}</content>
  <iscustomizable>1</iscustomizable>
  <name>Perfil</name>
  <powerpagecomponenttype>5</powerpagecomponenttype>
  <powerpagesiteid>
    <powerpagesiteid>6df7d34a-989b-4b8f-af54-14f521dea82d</powerpagesiteid>
  </powerpagesiteid>
  <statecode>0</statecode>
  <statuscode>1</statuscode>
</powerpagecomponent>