<powerpagecomponent powerpagecomponentid="8b7941c7-f705-4e66-ae47-42fdd3fd0485">
  <content>{"contentdisposition":756150000,"enabletracking":false,"excludefromsearch":false,"hiddenfromsitemap":false,"parentpageid":"c20e3477-0f36-4ba4-b63d-ed4e348fcff8","partialurl":"subpage-one.png","publishingstateid":"155d2308-bdb4-45f6-b231-e4c09d27b961"}</content>
  <filecontent mimetype="application/octet-stream">subpage-one.png</filecontent>
  <iscustomizable>1</iscustomizable>
  <name>subpage-one.png</name>
  <powerpagecomponenttype>3</powerpagecomponenttype>
  <powerpagesiteid>
    <powerpagesiteid>6df7d34a-989b-4b8f-af54-14f521dea82d</powerpagesiteid>
  </powerpagesiteid>
  <statecode>0</statecode>
  <statuscode>1</statuscode>
</powerpagecomponent>