<powerpagecomponent powerpagecomponentid="6dcabe0e-933c-447f-9af7-965f12ce7812">
  <content>{"createdOn":"2023-11-10T14:49:36.419Z","parentpageid":"a0315fa8-5ba6-430b-a858-8b08fb69858c","publishingstateid":"155d2308-bdb4-45f6-b231-e4c09d27b961","partialurl":"fitness-woman-sports-clothes-leaning-concrete-wall-looking-aside.jpg","title":"","summary":"","enabletracking":false,"excludefromsearch":false,"hiddenfromsitemap":false}</content>
  <filecontent mimetype="image/jpeg">fitness-woman-sports-clothes-leaning-concrete-wall-looking-aside.jpg</filecontent>
  <iscustomizable>1</iscustomizable>
  <name>fitness-woman-sports-clothes-leaning-concrete-wall-looking-aside.jpg</name>
  <powerpagecomponenttype>3</powerpagecomponenttype>
  <powerpagesiteid>
    <powerpagesiteid>6df7d34a-989b-4b8f-af54-14f521dea82d</powerpagesiteid>
  </powerpagesiteid>
  <statecode>0</statecode>
  <statuscode>1</statuscode>
</powerpagecomponent>