<powerpagecomponent powerpagecomponentid="aaec5d24-b6be-4467-b69b-f970916518fb">
  <content>{"contentdisposition":756150000,"enabletracking":false,"excludefromsearch":false,"hiddenfromsitemap":false,"parentpageid":"a0315fa8-5ba6-430b-a858-8b08fb69858c","partialurl":"home-1.png","publishingstateid":"155d2308-bdb4-45f6-b231-e4c09d27b961"}</content>
  <filecontent mimetype="application/octet-stream">home-1.png</filecontent>
  <iscustomizable>1</iscustomizable>
  <name>home-1.png</name>
  <powerpagecomponenttype>3</powerpagecomponenttype>
  <powerpagesiteid>
    <powerpagesiteid>6df7d34a-989b-4b8f-af54-14f521dea82d</powerpagesiteid>
  </powerpagesiteid>
  <statecode>0</statecode>
  <statuscode>1</statuscode>
</powerpagecomponent>