<powerpagecomponent powerpagecomponentid="4f7da6ba-d28d-45ab-a8e8-99dfed507d4f">
  <content>{"createdOn":"2023-11-10T16:42:21.868Z","parentpageid":"a0315fa8-5ba6-430b-a858-8b08fb69858c","publishingstateid":"155d2308-bdb4-45f6-b231-e4c09d27b961","partialurl":"Dark-world-map.jpg","title":"","summary":"","enabletracking":false,"excludefromsearch":false,"hiddenfromsitemap":false}</content>
  <filecontent mimetype="image/jpeg">Dark-world-map.jpg</filecontent>
  <iscustomizable>1</iscustomizable>
  <name>Dark-world-map.jpg</name>
  <powerpagecomponenttype>3</powerpagecomponenttype>
  <powerpagesiteid>
    <powerpagesiteid>6df7d34a-989b-4b8f-af54-14f521dea82d</powerpagesiteid>
  </powerpagesiteid>
  <statecode>0</statecode>
  <statuscode>1</statuscode>
</powerpagecomponent>