<powerpagecomponent powerpagecomponentid="bf74d1f0-e1aa-4661-b5de-c2647f1244cc">
  <content>{
  "description": "",
  "disablepagevalidation": false,
  "displayimageonly": false,
  "displayorder": 8,
  "displaypagechildlinks": false,
  "openinnewwindow": false,
  "pageid": "c20e3477-0f36-4ba4-b63d-ed4e348fcff8",
  "parentweblinkid": null,
  "publishingstateid": "155d2308-bdb4-45f6-b231-e4c09d27b961",
  "robotsfollowlink": true,
  "weblinksetid": "1b706fbd-677b-4dc8-8db2-f016f333688d"
}</content>
  <iscustomizable>1</iscustomizable>
  <name>Onde Estamos</name>
  <powerpagecomponenttype>5</powerpagecomponenttype>
  <powerpagesiteid>
    <powerpagesiteid>6df7d34a-989b-4b8f-af54-14f521dea82d</powerpagesiteid>
  </powerpagesiteid>
  <statecode>0</statecode>
  <statuscode>1</statuscode>
</powerpagecomponent>