{
  "properties": {
    "connectionReferences": {
      "shared_commondataserviceforapps": {
        "impersonation": {},
        "runtimeSource": "embedded",
        "connection": {
          "connectionReferenceLogicalName": "new_sharedcommondataserviceforapps_c84c0"
        },
        "api": {
          "name": "shared_commondataserviceforapps"
        }
      },
      "shared_office365": {
        "runtimeSource": "embedded",
        "connection": {
          "connectionReferenceLogicalName": "new_sharedoffice365_a354e"
        },
        "api": {
          "name": "shared_office365"
        }
      }
    },
    "definition": {
      "$schema": "https://schema.management.azure.com/providers/Microsoft.Logic/schemas/2016-06-01/workflowdefinition.json#",
      "contentVersion": "1.0.0.0",
      "parameters": {
        "$connections": {
          "defaultValue": {},
          "type": "Object"
        },
        "$authentication": {
          "defaultValue": {},
          "type": "SecureObject"
        }
      },
      "triggers": {
        "Recurrence": {
          "recurrence": {
            "frequency": "Day",
            "interval": 1,
            "startTime": "2023-10-20T08:00:00Z"
          },
          "metadata": {
            "operationMetadataId": "37ee1135-bec6-440b-9075-d91bef7fa524"
          },
          "type": "Recurrence"
        }
      },
      "actions": {
        "Procura_de_informação_de_visitas_consecutivas_por_linha": {
          "runAfter": {},
          "metadata": {
            "operationMetadataId": "b939e159-b7a0-4a81-9d40-655e0f57f199"
          },
          "type": "OpenApiConnection",
          "inputs": {
            "host": {
              "apiId": "/providers/Microsoft.PowerApps/apis/shared_commondataserviceforapps",
              "connectionName": "shared_commondataserviceforapps",
              "operationId": "ListRecords"
            },
            "parameters": {
              "entityName": "cr0ea_membroses",
              "$select": "cr0ea_nome, cr0ea_faltasconsecutivas, cr0ea_email",
              "$orderby": "cr0ea_faltasconsecutivas desc"
            },
            "authentication": "@parameters('$authentication')"
          },
          "description": "Buscar a informação da tabela membros às colunas nome, counter e email."
        },
        "Ver_output_da_Procura_anterior": {
          "runAfter": {
            "Procura_de_informação_de_visitas_consecutivas_por_linha": [
              "Succeeded"
            ]
          },
          "metadata": {
            "operationMetadataId": "8936af5a-fc5a-45ba-abee-2f073125660a"
          },
          "type": "Compose",
          "inputs": "@outputs('Procura_de_informação_de_visitas_consecutivas_por_linha')?['body/value']"
        },
        "Verificação_de_quem_faltou_mais_de_3_dias_consecutivos": {
          "foreach": "@outputs('Procura_de_informação_de_visitas_consecutivas_por_linha')?['body/value']",
          "actions": {
            "Condition": {
              "actions": {
                "Envio_de_e-mail_a_pedir_para_voltar": {
                  "runAfter": {},
                  "metadata": {
                    "operationMetadataId": "9f6934d7-3f1f-42d2-bf70-308de6b4cd1b"
                  },
                  "type": "OpenApiConnection",
                  "inputs": {
                    "host": {
                      "apiId": "/providers/Microsoft.PowerApps/apis/shared_office365",
                      "connectionName": "shared_office365",
                      "operationId": "SendEmailV2"
                    },
                    "parameters": {
                      "emailMessage/To": "@items('Verificação_de_quem_faltou_mais_de_3_dias_consecutivos')?['cr0ea_email']",
                      "emailMessage/Subject": "😿Temos saudades suas! Por favor volte para nós!😿",
                      "emailMessage/Body": "<p>Bom dia @{items('Verificação_de_quem_faltou_mais_de_3_dias_consecutivos')?['cr0ea_nome']},<br>\n<br>\nVocê não nos vem visitar ao TAC Service Fitness há mais de 2 dias!<br>\n<br>\nTemos muitas daudades suas, por favor volte!<br>\n<br>\nFicamos à sua espera ansiosamente,<br>\n<br>\nTAC Service Fitness</p>",
                      "emailMessage/Importance": "Normal"
                    },
                    "authentication": "@parameters('$authentication')"
                  }
                }
              },
              "runAfter": {},
              "else": {
                "actions": {
                  "Verificar_resultado_da_pesquisa_do_counter": {
                    "runAfter": {},
                    "metadata": {
                      "operationMetadataId": "e2823ac9-08eb-4069-9ff9-c223fbe8e830"
                    },
                    "type": "Compose",
                    "inputs": "@items('Verificação_de_quem_faltou_mais_de_3_dias_consecutivos')?['cr0ea_countervisitasconsecutivas']"
                  }
                }
              },
              "expression": {
                "greater": [
                  "@items('Verificação_de_quem_faltou_mais_de_3_dias_consecutivos')?['cr0ea_faltasconsecutivas']",
                  2
                ]
              },
              "metadata": {
                "operationMetadataId": "4db86eba-16d0-4f7d-986e-3a190878e654"
              },
              "type": "If"
            }
          },
          "runAfter": {
            "Ver_output_da_Procura_anterior": [
              "Succeeded"
            ]
          },
          "metadata": {
            "operationMetadataId": "70513059-bdf5-4943-b2d0-6be505e2b8b8"
          },
          "type": "Foreach"
        }
      }
    },
    "templateName": null
  },
  "schemaVersion": "1.0.0.0"
}