{
  "properties": {
    "connectionReferences": {
      "shared_office365": {
        "runtimeSource": "invoker",
        "connection": {
          "connectionReferenceLogicalName": "new_sharedoffice365_8e80f"
        },
        "api": {
          "name": "shared_office365"
        }
      }
    },
    "definition": {
      "$schema": "https://schema.management.azure.com/providers/Microsoft.Logic/schemas/2016-06-01/workflowdefinition.json#",
      "contentVersion": "1.0.0.0",
      "parameters": {
        "$connections": {
          "defaultValue": {},
          "type": "Object"
        },
        "$authentication": {
          "defaultValue": {},
          "type": "SecureObject"
        }
      },
      "triggers": {
        "manual": {
          "metadata": {
            "operationMetadataId": "a29ea792-09a2-4b5a-a989-d61b9445a639"
          },
          "type": "Request",
          "kind": "PowerAppV2",
          "inputs": {
            "schema": {
              "type": "object",
              "properties": {
                "email": {
                  "title": "Email",
                  "type": "string",
                  "format": "email",
                  "x-ms-dynamically-added": true,
                  "description": "Please enter an e-mail address",
                  "x-ms-content-hint": "EMAIL"
                },
                "text": {
                  "title": "password",
                  "type": "string",
                  "x-ms-dynamically-added": true,
                  "description": "Please enter your input",
                  "x-ms-content-hint": "TEXT"
                },
                "text_1": {
                  "title": "Nome",
                  "type": "string",
                  "x-ms-dynamically-added": true,
                  "description": "Please enter your input",
                  "x-ms-content-hint": "TEXT"
                },
                "text_2": {
                  "title": "identificacao",
                  "type": "string",
                  "x-ms-dynamically-added": true,
                  "description": "Please enter your input",
                  "x-ms-content-hint": "TEXT"
                }
              },
              "required": [
                "email",
                "text",
                "text_1",
                "text_2"
              ]
            }
          }
        }
      },
      "actions": {
        "Send_a_password_change_notification_email": {
          "runAfter": {},
          "metadata": {
            "operationMetadataId": "8bfd5df4-a802-44eb-ac6e-2dbd26fa16c2"
          },
          "type": "OpenApiConnection",
          "inputs": {
            "host": {
              "connectionName": "shared_office365",
              "operationId": "SendEmailV2",
              "apiId": "/providers/Microsoft.PowerApps/apis/shared_office365"
            },
            "parameters": {
              "emailMessage/To": "@triggerBody()['email']",
              "emailMessage/Subject": "Informações da alteração da password. TAC SERVICE FITNESS",
              "emailMessage/Body": "<p>Prezado(a) @{triggerBody()['text_1']},<br>\n<br>\nÉ com prazer que informamos que a alteração da sua senha foi efetuada com sucesso no TAC Service Fitness. A seguir, fornecemos os detalhes da sua conta:<br>\n<br>\n- Nome de Identificação: @{triggerBody()['text_2']}<br>\n- Nova senha: @{triggerBody()['text']}<br>\n<br>\nRecomendamos enfaticamente que guarde essas informações de forma segura. Caso não tenha realizado esta alteração de senha, pedimos que entre em contato imediatamente com a equipe de suporte do TAC Service Fitness.<br>\n<br>\nEstamos à disposição para qualquer assistência adicional que possa necessitar.<br>\n<br>\nAtenciosamente,<br>\n<br>\nEquipe TAC Service Fitness</p>",
              "emailMessage/Importance": "Normal"
            },
            "authentication": "@parameters('$authentication')"
          }
        }
      }
    },
    "templateName": ""
  },
  "schemaVersion": "1.0.0.0"
}