<powerpagecomponent powerpagecomponentid="a658a63c-f8da-49c4-85f3-271bd000b438">
  <content>{"createdOn":"2023-11-10T16:36:26.495Z","parentpageid":"a0315fa8-5ba6-430b-a858-8b08fb69858c","publishingstateid":"155d2308-bdb4-45f6-b231-e4c09d27b961","partialurl":"People-rolling-yoga-mats-on-floor.jpg","title":"","summary":"","enabletracking":false,"excludefromsearch":false,"hiddenfromsitemap":false}</content>
  <filecontent mimetype="image/jpeg">People-rolling-yoga-mats-on-floor.jpg</filecontent>
  <iscustomizable>1</iscustomizable>
  <name>People-rolling-yoga-mats-on-floor.jpg</name>
  <powerpagecomponenttype>3</powerpagecomponenttype>
  <powerpagesiteid>
    <powerpagesiteid>6df7d34a-989b-4b8f-af54-14f521dea82d</powerpagesiteid>
  </powerpagesiteid>
  <statecode>0</statecode>
  <statuscode>1</statuscode>
</powerpagecomponent>