<powerpagecomponent powerpagecomponentid="eeb3988c-9b5e-41c3-b01b-b3d4081fde32">
  <content>{
  "entityname": "Dados Pessoais",
  "entitylogicalname": "cr0ea_membros",
  "scope": 756150000,
  "append": false,
  "appendto": false,
  "delete": false,
  "read": false,
  "create": true,
  "write": false,
  "parentrelationship": null,
  "parententitypermission": null,
  "contactrelationship": null,
  "accountrelationship": null,
  "childTablePermissions": [],
  "adx_entitypermission_webrole": [
    "2fefcfdd-3718-449e-9c3e-9a9777110304",
    "002d4cba-4378-440d-b58e-b85784b0ac85",
    "56e40591-2d9f-45c4-a87d-bffd5838de3a"
  ]
}</content>
  <iscustomizable>1</iscustomizable>
  <name>Dados Pessoais</name>
  <powerpagecomponenttype>18</powerpagecomponenttype>
  <powerpagesiteid>
    <powerpagesiteid>6df7d34a-989b-4b8f-af54-14f521dea82d</powerpagesiteid>
  </powerpagesiteid>
  <statecode>0</statecode>
  <statuscode>1</statuscode>
</powerpagecomponent>