<powerpagecomponent powerpagecomponentid="33549ca0-fea9-4aa6-b128-6be2a157f165">
  <content>{"createdOn":"2023-11-08T20:01:54.951Z","parentpageid":"a0315fa8-5ba6-430b-a858-8b08fb69858c","publishingstateid":"155d2308-bdb4-45f6-b231-e4c09d27b961","partialurl":"aulasGrupo.png","title":"","summary":"","enabletracking":false,"excludefromsearch":false,"hiddenfromsitemap":false}</content>
  <filecontent mimetype="image/png">aulasGrupo.png</filecontent>
  <iscustomizable>1</iscustomizable>
  <name>aulasGrupo.png</name>
  <powerpagecomponenttype>3</powerpagecomponenttype>
  <powerpagesiteid>
    <powerpagesiteid>6df7d34a-989b-4b8f-af54-14f521dea82d</powerpagesiteid>
  </powerpagesiteid>
  <statecode>0</statecode>
  <statuscode>1</statuscode>
</powerpagecomponent>