<powerpagecomponent powerpagecomponentid="e4247cbe-41c3-4d05-8fa7-ecadca0d30e7">
  <content>{
  "description": "",
  "disablepagevalidation": false,
  "displayimageonly": false,
  "displayorder": 1,
  "displaypagechildlinks": false,
  "openinnewwindow": false,
  "pageid": "a0315fa8-5ba6-430b-a858-8b08fb69858c",
  "publishingstateid": "155d2308-bdb4-45f6-b231-e4c09d27b961",
  "robotsfollowlink": true,
  "weblinksetid": "1b706fbd-677b-4dc8-8db2-f016f333688d"
}</content>
  <iscustomizable>1</iscustomizable>
  <name>Início</name>
  <powerpagecomponenttype>5</powerpagecomponenttype>
  <powerpagesiteid>
    <powerpagesiteid>6df7d34a-989b-4b8f-af54-14f521dea82d</powerpagesiteid>
  </powerpagesiteid>
  <statecode>0</statecode>
  <statuscode>1</statuscode>
</powerpagecomponent>