<powerpagecomponent powerpagecomponentid="726499bf-fa32-48b5-ab0e-6548ad0dfcbc">
  <content>{"contentdisposition":756150000,"displayorder":1,"enabletracking":false,"excludefromsearch":true,"hiddenfromsitemap":true,"parentpageid":"a0315fa8-5ba6-430b-a858-8b08fb69858c","partialurl":"bootstrap.min.css","publishingstateid":"155d2308-bdb4-45f6-b231-e4c09d27b961"}</content>
  <filecontent mimetype="text/css">bootstrap.min.css</filecontent>
  <iscustomizable>1</iscustomizable>
  <name>bootstrap.min.css</name>
  <powerpagecomponenttype>3</powerpagecomponenttype>
  <powerpagesiteid>
    <powerpagesiteid>6df7d34a-989b-4b8f-af54-14f521dea82d</powerpagesiteid>
  </powerpagesiteid>
  <statecode>0</statecode>
  <statuscode>1</statuscode>
</powerpagecomponent>