<powerpagecomponent powerpagecomponentid="eeb3e548-63b9-4a86-a6db-b2d53ad01ce2">
  <content>{"createdOn":"2023-11-17T15:35:28.674Z","parentpageid":"a0315fa8-5ba6-430b-a858-8b08fb69858c","publishingstateid":"155d2308-bdb4-45f6-b231-e4c09d27b961","partialurl":"ContaCtos 1.png","title":"","summary":"","enabletracking":false,"excludefromsearch":false,"hiddenfromsitemap":false}</content>
  <filecontent mimetype="image/png">ContaCtos%20(1).png</filecontent>
  <iscustomizable>1</iscustomizable>
  <name>ContaCtos (1).png</name>
  <powerpagecomponenttype>3</powerpagecomponenttype>
  <powerpagesiteid>
    <powerpagesiteid>6df7d34a-989b-4b8f-af54-14f521dea82d</powerpagesiteid>
  </powerpagesiteid>
  <statecode>0</statecode>
  <statuscode>1</statuscode>
</powerpagecomponent>