<powerpagecomponent powerpagecomponentid="7ce37214-f814-43f2-8a07-a6b6f7ca2d3a">
  <content>{"createdOn":"2023-11-10T16:43:44.082Z","parentpageid":"a0315fa8-5ba6-430b-a858-8b08fb69858c","publishingstateid":"155d2308-bdb4-45f6-b231-e4c09d27b961","partialurl":"3D-rendering-of-the-world-map-in-white-stone.jpg","title":"","summary":"","enabletracking":false,"excludefromsearch":false,"hiddenfromsitemap":false}</content>
  <filecontent mimetype="image/jpeg">3D-rendering-of-the-world-map-in-white-stone.jpg</filecontent>
  <iscustomizable>1</iscustomizable>
  <name>3D-rendering-of-the-world-map-in-white-stone.jpg</name>
  <powerpagecomponenttype>3</powerpagecomponenttype>
  <powerpagesiteid>
    <powerpagesiteid>6df7d34a-989b-4b8f-af54-14f521dea82d</powerpagesiteid>
  </powerpagesiteid>
  <statecode>0</statecode>
  <statuscode>1</statuscode>
</powerpagecomponent>