<powerpagecomponent powerpagecomponentid="bee60c34-e07e-ee11-8179-0022489bae2a">
  <content>{
  "value": "log offfff",
  "display_name": "links/logout",
  "type": 756150000
}</content>
  <iscustomizable>1</iscustomizable>
  <name>links/logout</name>
  <powerpagecomponenttype>7</powerpagecomponenttype>
  <powerpagesiteid>
    <powerpagesiteid>6df7d34a-989b-4b8f-af54-14f521dea82d</powerpagesiteid>
  </powerpagesiteid>
  <powerpagesitelanguageid>
    <powerpagesitelanguageid>3498d286-7c80-4e9e-ad03-0f0f6ee748c1</powerpagesitelanguageid>
  </powerpagesitelanguageid>
  <statecode>0</statecode>
  <statuscode>1</statuscode>
</powerpagecomponent>