<powerpagecomponent powerpagecomponentid="c5a2592f-df4b-4013-b3a1-e6f3eb9f7e11">
  <content>{"enablerating":false,"enabletracking":false,"excludefromsearch":true,"feedbackpolicy":756150000,"hiddenfromsitemap":true,"isroot":true,"pagetemplateid":"aef6d470-cd78-4bf5-9944-e052528ad2cf","parentpageid":"a0315fa8-5ba6-430b-a858-8b08fb69858c","partialurl":"page-not-found","publishingstateid":"155d2308-bdb4-45f6-b231-e4c09d27b961","sharedpageconfiguration":false,"title":""}</content>
  <iscustomizable>1</iscustomizable>
  <name>Página não Encontrada</name>
  <powerpagecomponenttype>2</powerpagecomponenttype>
  <powerpagesiteid>
    <powerpagesiteid>6df7d34a-989b-4b8f-af54-14f521dea82d</powerpagesiteid>
  </powerpagesiteid>
  <searchcontent>Página não Encontrada</searchcontent>
  <statecode>0</statecode>
  <statuscode>1</statuscode>
</powerpagecomponent>