<powerpagecomponent powerpagecomponentid="f05a6741-bbf7-4dc6-b9f4-4162692e2332">
  <content>{"createdOn":"2023-11-15T13:50:14.335Z","parentpageid":"a0315fa8-5ba6-430b-a858-8b08fb69858c","publishingstateid":"155d2308-bdb4-45f6-b231-e4c09d27b961","partialurl":"LogoFullsemFundo.png","title":"","summary":"","enabletracking":false,"excludefromsearch":false,"hiddenfromsitemap":false}</content>
  <filecontent mimetype="image/png">LogoFull_semFundo.png</filecontent>
  <iscustomizable>1</iscustomizable>
  <name>LogoFull_semFundo.png</name>
  <powerpagecomponenttype>3</powerpagecomponenttype>
  <powerpagesiteid>
    <powerpagesiteid>6df7d34a-989b-4b8f-af54-14f521dea82d</powerpagesiteid>
  </powerpagesiteid>
  <statecode>0</statecode>
  <statuscode>1</statuscode>
</powerpagecomponent>