<powerpagecomponent powerpagecomponentid="14dccd26-fcff-468e-b4ac-77e0db754d1c">
  <content>{
  "label": "[{\"LCID\":2070,\"Value\":\"Username\"}]",
  "fieldisrequired": true,
  "requiredfieldvalidationerrormessage": "[{\"LCID\":2070,\"Value\":\"\"}]",
  "useCustomErrorMessage": false,
  "adddescription": false,
  "descriptionposition": 100000000,
  "description": "[{\"LCID\":2070,\"Value\":\"\"}]",
  "validationMode": "simple",
  "validationregularexpression": "",
  "validationSimple": {
    "maxCharCount": "",
    "isRequired": false
  },
  "controlstyle": null,
  "addPrePopulate": false,
  "attributelogicalname": "cr0ea_id_login",
  "entityFormId": "502e4457-93ea-484d-99ad-b10e4d386ae3",
  "lcid": 2070,
  "validationregularexpressionerrormessage": "[{\"LCID\":2070,\"Value\":\"\"}]",
  "isPCFComponent": false,
  "fieldType": "StringType",
  "useattributedescriptionproperty": false,
  "telemetryData": {
    "fieldType": "StringType",
    "formId": "502e4457-93ea-484d-99ad-b10e4d386ae3",
    "isPrePopulateEnabled": false
  },
  "type": 100000000,
  "webformstep": "30623253-b8d5-4b62-a754-bc29c3b3bdc7"
}</content>
  <iscustomizable>1</iscustomizable>
  <name>Dados de Login cr0ea_id_login</name>
  <powerpagecomponenttype>21</powerpagecomponenttype>
  <powerpagesiteid>
    <powerpagesiteid>6df7d34a-989b-4b8f-af54-14f521dea82d</powerpagesiteid>
  </powerpagesiteid>
  <statecode>0</statecode>
  <statuscode>1</statuscode>
</powerpagecomponent>