<powerpagecomponent powerpagecomponentid="9765f045-2110-953b-ff64-f08be779085c">
  <content>{
  "displayorder": 3,
  "parentweblinkid": null,
  "weblinksetid": "1b706fbd-677b-4dc8-8db2-f016f333688d",
  "pageid": "ef8d2e82-a130-6dd0-d2b8-6b6e10ddb631",
  "publishingstateid": "155d2308-bdb4-45f6-b231-e4c09d27b961",
  "displaypagevalidation": false,
  "displayimageonly": false,
  "displaypagechildlinks": false,
  "openinnewwindow": false,
  "robotsfollowlink": true
}</content>
  <iscustomizable>1</iscustomizable>
  <name>Home Page (1)-deleted</name>
  <powerpagecomponenttype>5</powerpagecomponenttype>
  <powerpagesiteid>
    <powerpagesiteid>6df7d34a-989b-4b8f-af54-14f521dea82d</powerpagesiteid>
  </powerpagesiteid>
  <statecode>1</statecode>
  <statuscode>2</statuscode>
</powerpagecomponent>