<powerpagecomponent powerpagecomponentid="aedfec7a-6f3f-4611-9d6f-67be0ca7cb25">
  <content>{"createdOn":"2023-11-08T19:41:56.152Z","parentpageid":"a0315fa8-5ba6-430b-a858-8b08fb69858c","publishingstateid":"155d2308-bdb4-45f6-b231-e4c09d27b961","partialurl":"logoicon.png","title":"","summary":"","enabletracking":false,"excludefromsearch":false,"hiddenfromsitemap":false}</content>
  <filecontent mimetype="image/png">logo_icon.png</filecontent>
  <iscustomizable>1</iscustomizable>
  <name>logo_icon.png</name>
  <powerpagecomponenttype>3</powerpagecomponenttype>
  <powerpagesiteid>
    <powerpagesiteid>6df7d34a-989b-4b8f-af54-14f521dea82d</powerpagesiteid>
  </powerpagesiteid>
  <statecode>0</statecode>
  <statuscode>1</statuscode>
</powerpagecomponent>